data;horario;n_da_ocorrencia;tipo_de_ocorrencia;km;trecho;sentido;tipo_de_acidente;caminhao;ilesos;levemente_feridos;moderadamente_feridos;gravemente_feridos;mortos;3
14/02/2012;17:02:00;82;sem vítima;400,6;BR-116/RS;Norte;Saída de Pista;2;2;0;0;0;0;1
15/02/2012;07:52:00;19;sem vítima;5;BR-392/RS;Norte;Outros tipos de acidente;2;4;0;0;0;0;1
15/02/2012;13:35:00;74;com vítima;22,4;BR-392/RS;Sul;Colisão Traseira;2;1;0;1;0;0;2
16/02/2012;12:29:00;64;com vítima;125,8;BR-293/RS;Norte;Saída de Pista;1;1;0;0;0;1;3
17/02/2012;08:36:00;28;sem vítima;7,8;BR-392/RS;Norte;Abalr.Transversal;2;1;0;0;0;0;1
17/02/2012;05:54:00;15;sem vítima;83,4;BR-392/RS;Norte;Saída de Pista;2;1;0;0;0;0;1
17/02/2012;09:00:00;29;com vítima;576,9;BR-116/RS;Norte;Saída de Pista;2;0;0;1;0;0;2
18/02/2012;18:20:00;102;sem vítima;28,1;BR-293/RS;Norte;Saída de Pista;1;1;0;0;0;0;1
18/02/2012;00:38:00;3;com vítima;53;BR-392/RS;Sul;Colisão Traseira;2;0;1;0;0;0;1
19/02/2012;19:38:00;102;sem vítima;90,4;BR-392/RS;Sul;Abalr.Transversal;2;2;0;0;0;0;1
22/02/2012;20:45:00;105;sem vítima;11,3;BR-293/RS;Norte;Tombamento;1;2;0;0;0;0;1
22/02/2012;00:36:00;2;com vítima;65,4;BR-293/RS;Norte;Saída de Pista;1;1;0;0;0;1;3
22/02/2012;07:44:00;20;com vítima;615,6;BR-116/RS;Norte;Saída de Pista;2;0;0;1;2;0;2
24/02/2012;16:14:00;74;sem vítima;60,5;BR-392/RS;Sul;Colisão Traseira;1;2;0;0;0;0;1
25/02/2012;07:55:00;17;sem vítima;66,9;BR-392/RS;Norte;Abalr.Transversal;2;1;0;0;0;0;1
26/02/2012;05:26:00;11;sem vítima;26,2;BR-392/RS;Norte;Abalr.Transversal;2;3;0;0;0;0;1
28/02/2012;19:01:00;104;com vítima;3,9;BR-604/RS;Sul;Abalr.Mesmo Sentido;2;0;1;0;0;0;1
29/02/2012;09:59:00;24;sem vítima;516;BR-116/RS;Norte;Abalr.Transversal;1;2;0;0;0;0;1
29/02/2012;03:03:00;7;sem vítima;124,5;BR-293/RS;Norte;Saída de Pista;2;2;0;0;0;0;1
01/03/2012;15:15:00;56;sem vítima;16,8;BR-392/RS;Sul;Abalr.Transversal;6;3;0;0;0;0;1
01/03/2012;11:12:00;41;sem vítima;66,9;BR-392/RS;Sul;Outros tipos de acidente;1;2;0;0;0;0;1
02/03/2012;18:47:00;89;sem vítima;16,4;BR-392/RS;Sul;Tombamento;2;1;0;0;0;0;1
04/03/2012;19:33:00;94;sem vítima;418,3;BR-116/RS;Norte;Abalr.mesmo sentido;2;1;0;0;0;0;1
04/03/2012;19:07:00;92;sem vítima;57,1;BR-392/RS;Norte;Abalr.Sentido Oposto;2;1;0;0;0;0;1
05/03/2012;14:44:00;69;sem vítima;528,9;BR-116/RS;Norte;Atropelamento;2;1;0;0;0;0;1
07/03/2012;08:20:00;26;com vítima;523,5;BR-116/RS;Sul;Abalr.Transversal;1;0;0;0;0;2;3
08/03/2012;17:33:00;76;sem vítima;1,4;BR-392/RS;Sul;Colisão Traseira;1;1;0;0;0;0;1
08/03/2012;05:18:00;8;sem vítima;12,5;BR-293/RS;Norte;Saída de Pista;1;2;0;0;0;0;1
09/03/2012;14:04:00;67;com vítima;466,4;BR-116/RS;Sul;Colisão frontal;2;1;0;1;0;0;2
09/03/2012;09:48:00;30;sem vítima;48,2;BR-392/RS;Sul;Abalr.Mesmo Sentido;2;2;0;0;0;0;1
09/03/2012;08:27:00;23;sem vítima;535,8;BR-116/RS;Norte;Abalr.Mesmo Sentido;2;3;0;0;0;0;1
10/03/2012;11:17:00;36;sem vítima;555,1;BR-116/RS;Sul;Colisão Traseira;1;3;0;0;0;0;1
11/03/2012;18:25:00;68;sem vítima;498,4;BR-116/RS;Sul;Outros tipos de acidente;2;1;0;0;0;0;1
11/03/2012;22:35:00;96;com vítima;116,9;BR-392/RS;Norte;Abalr.Transversal;1;1;1;0;0;0;1
12/03/2012;14:11:00;61;com vítima;15,5;BR-293/RS;Norte;Colisão Traseira;2;1;0;1;0;0;2
12/03/2012;19:43:00;88;com vítima;71,3;BR-392/RS;Sul;Colisão Traseira;2;1;0;0;2;0;2
13/03/2012;11:28:00;55;sem vítima;490,6;BR-116/RS;Sul;Abalr.Transversal;2;1;0;0;0;0;1
14/03/2012;12:06:00;56;sem vítima;525,8;BR-116/RS;Norte;Abalr.Mesmo Sentido;4;2;0;0;0;0;1
15/03/2012;17:42:00;100;sem vítima;24,5;BR-392/RS;Norte;Abalr.Transversal;1;3;0;0;0;0;1
17/03/2012;16:29:00;62;com vítima;19,8;BR-392/RS;Norte;Abalr.Transversal;3;0;2;0;0;0;1
17/03/2012;23:13:00;89;com vítima;56,9;BR-392/RS;Norte;Tombamento;5;2;0;2;1;0;2
17/03/2012;19:04:00;78;com vítima;577,8;BR-116/RS;Norte;Colisão Traseira;1;0;0;1;0;0;2
20/03/2012;22:49:00;106;com vítima;67,1;BR-392/RS;Sul;Abalr.Sentido Oposto;2;1;2;0;0;0;1
21/03/2012;05:53:00;14;com vítima;59,4;BR-392/RS;Norte;Abalr.Sentido Oposto;2;0;3;0;0;0;1
22/03/2012;20:11:00;120;sem vítima;46,7;BR-392/RS;Norte;Saída de Pista;1;54;0;0;0;0;1
22/03/2012;01:54:00;8;com vítima;52,9;BR-392/RS;Sul;Saída de Pista;2;1;0;0;0;1;3
22/03/2012;18:06:00;108;sem vítima;163;BR-293/RS;Norte;Saída de Pista;2;1;0;0;0;0;1
23/03/2012;18:27:00;101;com vítima;4,2;BR-392/RS;Norte;Tombamento;2;0;1;0;0;0;1
23/03/2012;17:14:00;93;com vítima;195;BR-392/RS;Sul;Atropelamento;2;0;1;1;0;0;2
24/03/2012;17:32:00;76;sem vítima;16,2;BR-293/RS;Norte;Saída de Pista;2;1;0;0;0;0;1
25/03/2012;00:06:00;1;sem vítima;483,4;BR-116/RS;Norte;Abalr.Transversal;2;1;0;0;0;0;1
25/03/2012;13:32:00;46;com vítima;524,4;BR-116/RS;Sul;Abalr.Transversal;2;0;1;0;0;0;1
27/03/2012;16:44:00;59;com vítima;454,9;BR-116/RS;Sul;Tombamento;2;1;0;0;1;0;2
27/03/2012;08:41:00;17;sem vítima;189,8;BR-392/RS;Sul;Saída de Pista;1;1;0;0;0;0;1
28/03/2012;09:25:00;28;com vítima;28,8;BR-293/RS;Norte;Colisão Traseira;1;0;1;0;0;0;1
28/03/2012;07:11:00;16;sem vítima;520,9;BR-116/RS;Sul;Abalr.Transversal;1;1;0;0;0;0;1
29/03/2012;23:15:00;98;sem vítima;434;BR-116/RS;Norte;Abalr.Mesmo Sentido;1;11;0;0;0;0;1
30/03/2012;18:43:00;90;sem vítima;516,9;BR-116/RS;Sul;Abalr.Transversal;1;2;0;0;0;0;1
30/03/2012;00:12:00;3;sem vítima;639,5;BR-116/RS;Sul;Atropelamento de animal;2;4;0;0;0;0;1
31/03/2012;17:59:00;88;com vítima;15,6;BR-293/RS;Norte;Abalr.Transversal;2;1;1;0;0;0;1
04/04/2012;14:43:00;85;sem vítima;84,2;BR-392/RS;Sul;Saída de Pista;1;5;0;0;0;0;1
05/04/2012;07:22:00;28;com vítima;15,5;BR-392/RS;Sul;Colisão Traseira;2;12;0;2;0;0;2
05/04/2012;15:57:00;81;com vítima;18;BR-392/RS;Sul;Abalr.Mesmo Sentido;1;3;0;0;1;0;2
05/04/2012;08:12:00;30;com vítima;144,5;BR-392/RS;Norte;Saída de Pista;2;0;1;0;0;0;1
06/04/2012;08:51:00;29;com vítima;414,9;BR-116/RS;Sul;Abalr.Mesmo Sentido;2;0;1;0;0;0;1
06/04/2012;01:52:00;9;com vítima;3,1;BR-604/RS;Sul;Colisão com Objeto Fixo;1;1;1;0;0;0;1
08/04/2012;19:20:00;69;sem vítima;422,3;BR-116/RS;Sul;Colisão Traseira;3;2;0;0;0;0;1
09/04/2012;15:38:00;63;sem vítima;42,6;BR-392/RS;Norte;Abalr.Transversal;1;6;0;0;0;0;1
09/04/2012;20:29:00;88;com vítima;109,2;BR-392/RS;Norte;Abalr.Transversal;2;1;1;0;0;0;1
10/04/2012;16:59:00;68;sem vítima;52,7;BR-392/RS;Sul;Colisão Traseira;1;7;0;0;0;0;1
13/04/2012;17:15:00;61;com vítima;39,4;BR-392/RS;Sul;Abalr.Transversal;1;0;0;1;0;0;2
13/04/2012;16:11:00;54;sem vítima;124,8;BR-392/RS;Sul;Tombamento;2;2;0;0;0;0;1
15/04/2012;00:21:00;4;sem vítima;82,8;BR-392/RS;Sul;Tombamento;3;3;0;0;0;0;1
16/04/2012;23:58:00;105;sem vítima;48,6;BR-392/RS;Sul;Colisão Traseira;2;2;0;0;0;0;1
16/04/2012;16:03:00;68;sem vítima;516,5;BR-116/RS;Norte;Colisão Traseira;1;2;0;0;0;0;1
16/04/2012;16:39:00;72;sem vítima;66,8;BR-392/RS;Norte;Colisão Traseira;1;1;0;0;0;0;1
17/04/2012;18:35:00;80;sem vítima;52,3;BR-392/RS;Norte;Abalr.Mesmo Sentido;2;2;0;0;0;0;1
20/04/2012;13:03:00;45;sem vítima;425;BR-116/RS;Norte;Abalr.Mesmo Sentido;1;2;0;0;0;0;1
20/04/2012;23:31:00;113;sem vítima;520,9;BR-116/RS;Norte;Abalr.Transversal;2;1;0;0;0;0;1
21/04/2012;05:52:00;8;sem vítima;37,9;BR-392/RS;Norte;Atropelamento;2;1;0;0;0;0;1
21/04/2012;15:18:00;51;com vítima;530,8;BR-116/RS;Sul;Abalr.Transversal;2;2;1;2;0;0;2
23/04/2012;15:58:00;47;sem vítima;15,5;BR-293/RS;Norte;Abalr.Transversal;1;2;0;0;0;0;1
23/04/2012;22:46:00;81;sem vítima;191,5;BR-392/RS;Norte;Abalr.Mesmo Sentido;1;2;0;0;0;0;1
25/04/2012;12:16:00;56;sem vítima;2,9;BR-392/RS;Norte;Abalr.Transversal;2;1;0;0;0;0;1
28/04/2012;22:57:00;81;com vítima;510,4;BR-116/RS;Sul;Abalr.Transversal;2;1;0;1;0;0;2
28/04/2012;18:36:00;68;com vítima;562,6;BR-116/RS;Sul;Saída de Pista;2;1;1;0;0;0;1
29/04/2012;23:02:00;80;com vítima;486,4;BR-116/RS;Sul;Saída de Pista;2;1;0;0;2;0;2
30/04/2012;18:58:00;59;com vítima;18;BR-392/RS;Norte;Colisão Frontal;2;1;2;0;0;0;1
01/05/2012;03:41:00;5;com vítima;69,6;BR-293/RS;Norte;Saída de Pista;2;1;0;0;0;1;3
01/05/2012;16:57:00;49;sem vítima;62;BR-392/RS;Norte;Atropelamento;2;6;0;0;0;0;1
04/05/2012;16:02:00;69;com vítima;556,7;BR-116/RS;Norte;Colisão Traseira;2;0;0;0;1;0;2
05/05/2012;20:04:00;88;com vítima;530,8;BR-116/RS;Sul;Abalr.Transversal;2;0;1;0;0;0;1
06/05/2012;18:35:00;71;sem vítima;60,4;BR-392/RS;Sul;Colisão Traseira;2;2;0;0;0;0;1
06/05/2012;20:56:00;83;sem vítima;60,4;BR-392/RS;Sul;Colisão Traseira;4;2;0;0;0;0;1
09/05/2012;18:20:00;76;sem vítima;9,9;BR-392/RS;Norte;Abalr.Transversal;1;3;0;0;0;0;1
10/05/2012;07:45:00;7;com vítima;128,8;BR-293/RS;Norte;Abalr.Mesmo Sentido;4;2;0;1;1;0;2
10/05/2012;14:18:00;49;com vítima;526,4;BR-116/RS;Norte;Colisão Traseira;1;1;0;1;0;0;2
11/05/2012;19:07:00;84;com vítima;70,8;BR-392/RS;Sul;Colisão Traseira;2;2;1;0;0;0;1
11/05/2012;19:01:00;81;sem vítima;534,4;BR-116/RS;Norte;Saída de Pista;4;2;0;0;0;0;1
13/05/2012;18:49:00;36;sem vítima;2,9;BR-392/RS;Norte;Colisão Traseira;1;5;0;0;0;0;1
15/05/2012;18:22:00;58;sem vítima;52,3;BR-392/RS;Sul;Colisão Traseira;1;1;0;0;0;0;1
17/05/2012;07:38:00;13;sem vítima;0,1;BR-604/RS;Sul;Abalr.Transversal;4;2;0;0;0;0;1
18/05/2012;20:46:00;106;sem vítima;4;BR-392/RS;Norte;Colisão com Objeto Fixo;2;1;0;0;0;0;1
19/05/2012;09:57:00;32;sem vítima;26,4;BR-392/RS;Sul;Saída de Pista;2;4;0;0;0;0;1
20/05/2012;21:27:00;79;com vítima;2,1;BR-604/RS;Sul;Saída de Pista;1;1;2;0;0;0;1
22/05/2012;11:54:00;36;sem vítima;67;BR-392/RS;Norte;Abalr.Transversal;1;1;0;0;0;0;1
22/05/2012;20:14:00;73;sem vítima;67;BR-392/RS;Sul;Abalr.Transversal;2;2;0;0;0;0;1
25/05/2012;08:02:00;18;sem vítima;18,2;BR-392/RS;Norte;Abalr.Mesmo Sentido;2;1;0;0;0;0;1
27/05/2012;01:22:00;5;sem vítima;510,6;BR-116/RS;Sul;Abalr.Transversal;2;5;0;0;0;0;1
28/05/2012;10:31:00;34;sem vítima;529,3;BR-116/RS;Norte;Abalr.Transversal;2;3;0;0;0;0;1
29/05/2012;15:26:00;65;sem vítima;552,8;BR-116/RS;Sul;Tombamento;1;3;0;0;0;0;1
31/05/2012;22:12:00;88;sem vítima;48;BR-392/RS;Sul;Colisão Traseira;1;3;0;0;0;0;1
03/06/2012;16:47:00;43;sem vítima;413,6;BR-116/RS;Norte;Saída de Pista;2;2;0;0;0;0;1
03/06/2012;19:43:00;58;sem vítima;117;BR-392/RS;Norte;Abalr.Transversal;2;3;0;0;0;0;1
04/06/2012;19:04:00;83;com vítima;124,7;BR-392/RS;Norte;Colisão Traseira;2;1;0;1;0;0;2
06/06/2012;16:56:00;61;com vítima;0,5;BR-604/RS;Sul;Abalr.Transversal;2;1;0;1;0;0;2
06/06/2012;23:08:00;91;sem vítima;18,4;BR-293/RS;Norte;Atropelamento de Animal;3;2;0;0;0;0;1
06/06/2012;09:42:00;23;sem vítima;81,8;BR-392/RS;Sul;Outros tipos de acidente;1;2;0;0;0;0;1
07/06/2012;13:25:00;57;com vítima;530,8;BR-116/RS;Norte;Colisão Traseira;2;0;1;0;0;0;1
09/06/2012;05:52:00;12;sem vítima;613,4;BR-116/RS;Sul;Atropelamento de Animal;1;1;0;0;0;0;1
12/06/2012;13:56:00;47;sem vítima;9,5;BR-392/RS;Sul;Colisão Traseira;1;1;0;0;0;0;1
12/06/2012;15:45:00;59;sem vítima;34,8;BR-392/RS;Norte;Colisão Traseira;2;2;0;0;0;0;1
12/06/2012;07:56:00;19;com vítima;170,2;BR-293/RS;Norte;Saída de Pista;2;0;1;1;0;0;2
13/06/2012;07:07:00;16;sem vítima;519,3;BR-116/RS;Sul;Abalr.Mesmo Sentido;2;1;0;0;0;0;1
14/06/2012;19:41:00;94;sem vítima;34,8;BR-392/RS;Norte;Saída de Pista;2;1;0;0;0;0;1
18/06/2012;02:53:00;6;com vítima;426;BR-116/RS;Norte;Saída de Pista;2;1;0;1;0;0;2
18/06/2012;20:30:00;70;sem vítima;20,2;BR-392/RS;Sul;Saída de Pista;2;2;0;0;0;0;1
19/06/2012;07:27:00;11;com vítima;62,1;BR-392/RS;Sul;Colisão Traseira;1;1;2;0;0;0;1
20/06/2012;08:08:00;12;sem vítima;2,7;BR-392/RS;Sul;Outros tipos de acidente;2;3;0;0;0;0;1
20/06/2012;19:21:00;85;sem vítima;524,7;BR-116/RS;Sul;Atropelamento;2;3;0;0;0;0;1
20/06/2012;13:58:00;48;sem vítima;122,5;BR-392/RS;Norte;Atropelamento;2;6;0;0;0;0;1
21/06/2012;05:33:00;12;sem vítima;30,8;BR-392/RS;Norte;Saída de Pista;2;1;0;0;0;0;1
21/06/2012;07:44:00;18;sem vítima;519,9;BR-116/RS;Norte;Abalr.Transversal;1;33;0;0;0;0;1
22/06/2012;14:35:00;54;sem vítima;56;BR-392/RS;Sul;Saída de Pista;2;1;0;0;0;0;1
24/06/2012;14:53:00;30;com vítima;520,9;BR-116/RS;Norte;Abalr.Transversal;2;1;0;1;0;0;2
25/06/2012;15:14:00;46;sem vítima;517,3;BR-116/RS;Norte;Abalr.Transversal;1;1;0;0;0;0;1
25/06/2012;17:04:00;55;sem vítima;87,6;BR-392/RS;Sul;Abalr.Transversal;2;2;0;0;0;0;1
26/06/2012;18:37:00;70;sem vítima;8,5;BR-392/RS;Sul;Abalr.Transversal;1;5;0;0;0;0;1
27/06/2012;17:48:00;78;sem vítima;523,3;BR-116/RS;Norte;Abalr.Transversal;2;1;0;0;0;0;1
27/06/2012;21:12:00;104;com vítima;567;BR-116/RS;Sul;Saída de Pista;1;2;1;0;0;0;1
28/06/2012;10:09:00;35;sem vítima;464,3;BR-116/RS;Norte;Colisão Traseira;2;1;0;0;0;0;1
29/06/2012;19:56:00;94;sem vítima;464;BR-116/RS;Norte;Tombamento;2;1;0;0;0;0;1
29/06/2012;20:16:00;98;sem vítima;21,7;BR-392/RS;Sul;Saída de Pista;4;2;0;0;0;0;1
29/06/2012;22:18:00;109;sem vítima;84,1;BR-392/RS;Sul;Tombamento;2;3;0;0;0;0;1
30/06/2012;07:44:00;12;com vítima;520,2;BR-116/RS;Sul;Saída de Pista;1;1;0;1;0;0;2
30/06/2012;14:38:00;45;sem vítima;525,9;BR-116/RS;Sul;Abalr.Transversal;1;5;0;0;0;0;1
01/07/2012;06:38:00;15;com vítima;17,6;BR-293/RS;Norte;Saída de Pista;2;2;1;0;0;0;1
01/07/2012;05:27:00;11;sem vítima;465;BR-116/RS;Sul;Abalr.Transversal;2;1;0;0;0;0;1
01/07/2012;18:31:00;56;sem vítima;490,8;BR-116/RS;Sul;Abalr.Transversal;1;1;0;0;0;0;1
02/07/2012;19:07:00;69;com vítima;88,2;BR-293/RS;Norte;Colisão Frontal;2;1;0;2;2;0;2
03/07/2012;18:31:00;75;sem vítima;145,4;BR-392/RS;Sul;Saída de Pista;2;2;0;0;0;0;1
03/07/2012;19:48:00;87;sem vítima;634,3;BR-116/RS;Sul;Colisão Frontal;1;1;0;0;0;0;1
04/07/2012;14:35:00;58;com vítima;141;BR-293/RS;Norte;Saída de Pista;1;1;1;0;0;0;1
05/07/2012;21:14:00;103;sem vítima;13,7;BR-293/RS;Norte;Atropelamento;1;1;0;0;0;0;1
06/07/2012;15:37:00;53;sem vítima;1,7;BR-392/RS;Sul;Abalr.Transversal;2;1;0;0;0;0;1
06/07/2012;17:26:00;71;sem vítima;23,9;BR-293/RS;Norte;Colisão Frontal;1;4;0;0;0;0;1
06/07/2012;10:12:00;28;sem vítima;28,2;BR-293/RS;Norte;Saída de Pista;2;4;0;0;0;0;1
06/07/2012;10:08:00;27;sem vítima;488,6;BR-116/RS;Sul;Abalr.Transversal;2;10;0;0;0;0;1
08/07/2012;06:57:00;6;com vítima;65,5;BR-392/RS;Norte;Abalr.Transversal;1;2;0;2;0;0;2
09/07/2012;18:54:00;74;sem vítima;18,1;BR-392/RS;Sul;Atropelamento;3;2;0;0;0;0;1
10/07/2012;10:22:00;24;sem vítima;464,7;BR-116/RS;Sul;Abalr.Transversal;2;2;0;0;0;0;1
13/07/2012;09:01:00;28;sem vítima;2,2;BR-604/RS;Sul;Abalr.Transversal;4;2;0;0;0;0;1
13/07/2012;00:54:00;1;sem vítima;512,2;BR-116/RS;Sul;Tombamento;3;2;0;0;0;0;1
15/07/2012;23:36:00;56;com vítima;34,6;BR-392/RS;Sul;Colisão com Objeto Fixo;2;1;0;0;1;1;3
16/07/2012;19:09:00;89;sem vítima;520,9;BR-116/RS;Norte;Abalr.Transversal;2;3;0;0;0;0;1
16/07/2012;06:47:00;13;sem vítima;641,4;BR-116/RS;Sul;Abalr.Sentido Oposto;1;2;0;0;0;0;1
17/07/2012;15:03:00;45;com vítima;117,1;BR-392/RS;Norte;Abalr.Transversal;3;1;1;0;0;0;1
19/07/2012;06:52:00;11;sem vítima;401,2;BR-116/RS;Norte;Tombamento;1;2;0;0;0;0;1
22/07/2012;22:29:00;83;sem vítima;11,3;BR-293/RS;Norte;Tombamento;2;2;0;0;0;0;1
22/07/2012;17:59:00;51;sem vítima;526,8;BR-116/RS;Norte;Colisão Traseira;2;1;0;0;0;0;1
23/07/2012;00:42:00;1;sem vítima;2,9;BR-392/RS;Norte;Abalr.Transversal;2;1;0;0;0;0;1
24/07/2012;06:15:00;8;com vítima;48,5;BR-392/RS;Norte;Colisão Traseira;2;1;0;1;0;0;2
24/07/2012;22:23:00;85;com vítima;78,9;BR-392/RS;Sul;Tombamento;2;0;1;0;0;0;1
25/07/2012;07:50:00;13;sem vítima;65,3;BR-392/RS;Norte;Saída de Pista;2;1;0;0;0;0;1
25/07/2012;17:42:00;50;com vítima;526;BR-116/RS;Norte;Outros Tipos de Acidente;2;0;1;1;0;0;2
26/07/2012;19:08:00;55;com vítima;562,4;BR-116/RS;Sul;Outros Tipos de Acidente;1;3;1;0;0;0;1
27/07/2012;18:30:00;56;sem vítima;36,5;BR-392/RS;Norte;Abalr.Mesmo Sentido;2;2;0;0;0;0;1
27/07/2012;20:24:00;67;sem vítima;61,8;BR-392/RS;Sul;Abalr.Mesmo Sentido;1;2;0;0;0;0;1
31/07/2012;07:04:00;7;com vítima;7,2;BR-392/RS;Sul;Abalr.Transversal;2;1;1;0;1;0;2
01/08/2012;12:37:00;45;sem vítima;529,2;BR-116/RS;Sul;Atropelamento;1;3;0;0;0;0;1
02/08/2012;08:39:00;17;com vítima;464,8;BR-116/RS;Norte;Abalr.Transversal;2;1;1;0;0;0;1
03/08/2012;20:06:00;94;sem vítima;526,8;BR-116/RS;Norte;Abalr.Transversal;1;4;0;0;0;0;1
04/08/2012;17:01:00;50;sem vítima;448,1;BR-116/RS;Norte;Saída de Pista;2;1;0;0;0;0;1
04/08/2012;14:53:00;41;com vítima;565,7;BR-116/RS;Norte;Saída de Pista;2;1;0;0;1;0;2
05/08/2012;15:29:00;47;com vítima;16,6;BR-392/RS;Sul;Colisão Traseira;1;1;0;1;1;0;2
06/08/2012;12:26:00;37;sem vítima;13,2;BR-293/RS;Norte;Abalr.Transversal;2;2;0;0;0;0;1
07/08/2012;10:33:00;26;sem vítima;66,9;BR-392/RS;Norte;Colisão Traseira;2;2;0;0;0;0;1
08/08/2012;14:56:00;49;sem vítima;45;BR-293/RS;Norte;Saída de Pista;2;4;0;0;0;0;1
10/08/2012;03:34:00;9;sem vítima;35;BR-392/RS;Norte;Atropelamento de Animal;2;2;0;0;0;0;1
14/08/2012;07:46:00;8;sem vítima;66,9;BR-392/RS;Sul;Abalr.Transversal;1;3;0;0;0;0;1
16/08/2012;04:05:00;8;com vítima;526,5;BR-116/RS;Sul;Saída de Pista;2;0;2;0;0;0;1
18/08/2012;23:01:00;71;com vítima;19,1;BR-392/RS;Norte;Abalr.Mesmo Sentido;1;1;0;0;1;0;2
18/08/2012;22:17:00;69;sem vítima;28;BR-392/RS;Sul;Abalr.Transversal;1;1;0;0;0;0;1
21/08/2012;07:25:00;17;sem vítima;14;BR-392/RS;Sul;Saída de Pista;2;2;0;0;0;0;1
21/08/2012;08:20:00;23;sem vítima;193,5;BR-392/RS;Sul;Tombamento;5;5;0;0;0;0;1
22/08/2012;17:26:00;68;sem vítima;446;BR-116/RS;Norte;Saída de Pista;2;4;0;0;0;0;1
23/08/2012;09:33:00;15;sem vítima;459,4;BR-116/RS;Sul;Abalr.Transversal;3;3;0;0;0;0;1
27/08/2012;08:00:00;17;com vítima;66,9;BR-392/RS;Sul;Abalr.Transversal;4;1;1;0;0;0;1
29/08/2012;18:42:00;54;sem vítima;105;BR-392/RS;Norte;Abalr.Transversal;2;7;0;0;0;0;1
02/09/2012;05:37:00;9;com vítima;3,9;BR-392/RS;Norte;Abalr.Transversal;2;3;1;0;0;0;1
02/09/2012;22:22:00;94;com vítima;470,2;BR-116/RS;Norte;Atropelamento;2;3;0;1;0;0;2
03/09/2012;18:46:00;73;sem vítima;1;BR-604/RS;Sul;Abalr.Transversal;2;1;0;0;0;0;1
04/09/2012;13:34:00;56;sem vítima;24,9;BR-392/RS;Sul;Tombamento;2;3;0;0;0;0;1
05/09/2012;19:23:00;49;com vítima;20,2;BR-392/RS;Sul;Atropelamento de Animal;1;1;0;1;0;0;2
05/09/2012;06:50:00;10;sem vítima;118,1;BR-293/RS;Norte;Saída de Pista;3;2;0;0;0;0;1
06/09/2012;15:04:00;50;sem vítima;43,5;BR-293/RS;Norte;Colisão Frontal;4;2;0;0;0;0;1
10/09/2012;17:52:00;60;com vítima;8;BR-392/RS;Sul;Abalr.Mesmo Sentido;1;1;1;0;0;0;1
11/09/2012;10:08:00;33;sem vítima;519,3;BR-116/RS;Sul;Tombamento;2;2;0;0;0;0;1
14/09/2012;18:58:00;74;com vítima;21,3;BR-392/RS;Norte;Saída de Pista;1;3;2;0;0;0;1
14/09/2012;11:30:00;31;sem vítima;62;BR-392/RS;Sul;Abalr.Transversal;3;2;0;0;0;0;1
15/09/2012;19:28:00;69;sem vítima;7,5;BR-392/RS;Norte;Abalr.Transversal;3;2;0;0;0;0;1
15/09/2012;01:43:00;6;sem vítima;14,5;BR-392/RS;Norte;Saída de Pista;3;2;0;0;0;0;1
15/09/2012;16:13:00;58;sem vítima;35,3;BR-392/RS;Norte;Saída de Pista;4;2;0;0;0;0;1
15/09/2012;23:36:00;84;sem vítima;519,2;BR-116/RS;Norte;Colisão com Objeto Fixo;2;2;0;0;0;0;1
15/09/2012;07:41:00;20;com vítima;525,8;BR-116/RS;Norte;Tombamento;2;1;1;0;0;0;1
18/09/2012;20:14:00;74;sem vítima;130,2;BR-293/RS;Norte;Atropelamento de Animal;1;4;0;0;0;0;1
18/09/2012;12:14:00;38;sem vítima;524,4;BR-116/RS;Sul;Abalr.Transversal;2;3;0;0;0;0;1
19/09/2012;08:42:00;21;com vítima;457;BR-116/RS;Sul;Tombamento;1;1;1;0;0;0;1
19/09/2012;11:08:00;41;sem vítima;52,3;BR-392/RS;Sul;Colisão Traseira;1;5;0;0;0;0;1
19/09/2012;20:02:00;110;com vítima;564,7;BR-116/RS;Sul;Atropelamento de Animal;2;0;1;0;0;0;1
21/09/2012;11:05:00;31;sem vítima;42;BR-392/RS;Norte;Colisão Traseira;2;1;0;0;0;0;1
24/09/2012;14:32:00;56;sem vítima;118,5;BR-392/RS;Sul;Colisão com Objeto Fixo;1;5;0;0;0;0;1
27/09/2012;23:37:00;83;com vítima;521,5;BR-116/RS;Sul;Colisão com Objeto Fixo;2;1;1;0;0;0;1
28/09/2012;06:56:00;5;com vítima;4,6;BR-392/RS;Norte;Abalr.Transversal;1;2;1;0;0;0;1
28/09/2012;10:51:00;25;sem vítima;7,6;BR-392/RS;Norte;Abalr.Transversal;1;32;0;0;0;0;1
29/09/2012;21:24:00;85;sem vítima;400,8;BR-116/RS;Norte;Saída de Pista;2;2;0;0;0;0;1
30/09/2012;22:42:00;67;sem vítima;17,6;BR-392/RS;Sul;Colisão Traseira;1;2;0;0;0;0;1
01/10/2012;15:48:00;69;sem vítima;408;BR-116/RS;Norte;Abalr.Sentido Oposto;1;4;0;0;0;0;1