data;horario;n_da_ocorrencia;tipo_de_ocorrencia;km;trecho;sentido;tipo_de_acidente;caminhao;ilesos;levemente_feridos;moderadamente_feridos;gravemente_feridos;mortos;3
21/04/2014;11:17:00;27;com vítima;27,7;BR-392/RS;Norte;Abalr.Transversal;1;3;2;0;0;0;1
21/04/2014;17:10:00;62;com vítima;50,3;BR-392/RS;Sul;Tombamento;1;2;1;0;0;0;1
21/04/2014;19:29:00;75;com vítima;568,4;BR-116/RS;Sul;Saída de Pista;1;0;0;1;0;0;2
22/04/2014;12:14:00;60;sem vítima;454,6;BR-116/RS;Sul;Atropelamento;1;3;0;0;0;0;1
22/04/2014;10:59:00;53;com vítima;524,4;BR-116/RS;Sul;Colisão Traseira;1;1;0;0;2;0;2
22/04/2014;11:19:00;56;com vítima;91,5;BR-392/RS;Sul;Abalr.Mesmo Sentido;2;2;1;0;0;0;1
25/04/2014;15:12:00;62;sem vítima;26,4;BR-392/RS;Sul;Tombamento;1;1;0;0;0;0;1
25/04/2014;17:07:00;74;sem vítima;71,9;BR-293/RS;Norte;Saída de Pista;1;2;0;0;0;0;1
26/04/2014;18:59:00;67;sem vítima;637,3;BR-116/RS;Sul;Colisão Traseira;1;5;0;0;0;0;1
28/04/2014;11:35:00;41;com vítima;8,4;BR-392/RS;Norte;Colisão Traseira;1;1;0;1;0;0;2
28/04/2014;07:46:00;20;sem vítima;497,4;BR-116/RS;Norte;Abalr.Mesmo Sentido;1;1;0;0;0;0;1
29/04/2014;22:25:00;94;sem vítima;500;BR-116/RS;Sul;Abalr.Sentido Oposto;2;2;0;0;0;0;1
29/04/2014;13:13:00;47;sem vítima;66,1;BR-392/RS;Sul;Colisão Traseira;1;2;0;0;0;0;1
29/04/2014;18:53:00;81;com vítima;520,9;BR-116/RS;Sul;Abalr.Transversal;1;2;1;0;0;0;1
02/05/2014;08:31:00;21;com vítima;32,5;BR-293/RS;Norte;Saída de Pista;1;0;0;2;0;0;2
04/05/2014;14:53:00;43;sem vítima;7,4;BR-392/RS;Norte;Abalr.Transversal;1;2;0;0;0;0;1
05/05/2014;08:05:00;15;com vítima;117,6;BR-392/RS;Norte;Saída de Pista;1;2;0;1;0;0;2
07/05/2014;08:38:00;13;com vítima;400,8;BR-116/RS;Norte;Saída de Pista;1;3;0;1;0;0;2
07/05/2014;14:28:00;51;com vítima;547,6;BR-116/RS;Norte;Abalr.Sentido Oposto;1;3;1;0;0;0;1
08/05/2014;19:08:00;81;com vítima;502,3;BR-116/RS;Norte;Colisão Traseira;1;1;0;0;0;1;3
10/05/2014;14:57:00;52;sem vítima;23,2;BR-392/RS;Sul;Outros tipos de acidente;2;2;0;0;0;0;1
10/05/2014;15:26:00;53;sem vítima;51,1;BR-392/RS;Norte;Saída de Pista;2;12;0;0;0;0;1
11/05/2014;07:12:00;9;sem vítima;588,6;BR-116/RS;Sul;Abalr.Sentido Oposto;2;2;0;0;0;0;1
13/05/2014;17:05:00;54;sem vítima;26,9;BR-293/RS;Norte;Colisão Traseira;1;3;0;0;0;0;1
13/05/2014;19:22:00;61;com vítima;26,5;BR-392/RS;Sul;Atropelamento;1;1;2;0;0;0;1
13/05/2014;16:36:00;52;sem vítima;85,3;BR-392/RS;Sul;Tombamento;2;2;0;0;0;0;1
14/05/2014;09:30:00;21;sem vítima;72,2;BR-392/RS;Sul;Saída de Pista;1;3;0;0;0;0;1
15/05/2014;16:29:00;60;sem vítima;476,3;BR-116/RS;Sul;Saída de Pista;1;1;0;0;0;0;1
15/05/2014;07:04:00;23;sem vítima;59,3;BR-293/RS;Norte;Abalr.Mesmo Sentido;1;1;0;0;0;0;1
15/05/2014;06:55:00;22;com vítima;550,8;BR-116/RS;Sul;Abalr.Sentido Oposto;1;2;1;0;0;0;1
16/05/2014;10:49:00;29;sem vítima;474;BR-116/RS;Norte;Colisão Traseira;1;1;0;0;0;0;1
17/05/2014;06:51:00;21;sem vítima;113;BR-293/RS;Norte;Saída de Pista;1;4;0;0;0;0;1
18/05/2014;17:50:00;60;com vítima;529,1;BR-116/RS;Norte;Abalr.Transversal;1;2;1;0;0;0;1
21/05/2014;12:56:00;45;com vítima;15,5;BR-293/RS;Norte;Abalr.Transversal;1;1;2;1;1;0;2
21/05/2014;17:52:00;59;com vítima;483,8;BR-116/RS;Norte;Abalr.Transversal;1;1;0;1;1;1;3
21/05/2014;17:22:00;55;com vítima;59;BR-392/RS;Sul;Saída de Pista;1;1;0;0;1;0;2
22/05/2014;23:22:00;82;sem vítima;26;BR-293/RS;Norte;Colisão com Objeto Fixo;1;1;0;0;0;0;1
22/05/2014;17:20:00;50;sem vítima;564,8;BR-116/RS;Sul;Abalr.Transversal;1;2;0;0;0;0;1
24/05/2014;07:35:00;16;sem vítima;402,9;BR-116/RS;Norte;Saída de Pista;1;3;0;0;0;0;1
24/05/2014;18:59:00;97;com vítima;468,5;BR-116/RS;Norte;Atropelamento de Animal;1;1;0;1;0;0;2
24/05/2014;18:53:00;96;com vítima;74,8;BR-392/RS;Sul;Abalr.Mesmo Sentido;2;1;0;2;0;0;2
25/05/2014;08:48:00;25;sem vítima;5,5;BR-392/RS;Sul;Saída de Pista;1;1;0;0;0;0;1
25/05/2014;19:03:00;97;sem vítima;570,3;BR-116/RS;Sul;Saída de Pista;1;2;0;0;0;0;1
26/05/2014;15:13:00;73;sem vítima;61,3;BR-293/RS;Norte;Tombamento;1;2;0;0;0;0;1
26/05/2014;18:15:00;97;sem vítima;88,4;BR-392/RS;Norte;Abalr.Transversal;2;3;0;0;0;0;1
26/05/2014;17:08:00;91;com vítima;90,1;BR-392/RS;Sul;Colisão Traseira;1;1;4;0;0;0;1
30/05/2014;13:54:00;59;com vítima;404,2;BR-116/RS;Sul;Abalr.Sentido Oposto;1;1;0;0;0;1;3
30/05/2014;18:18:00;98;sem vítima;499;BR-116/RS;Norte;Colisão Traseira;1;3;0;0;0;0;1
31/05/2014;07:37:00;19;com vítima;76,7;BR-392/RS;Norte;Saída de Pista;1;0;1;0;0;0;1
03/06/2014;08:35:00;30;sem vítima;66,9;BR-392/RS;Norte;Colisão Traseira;1;1;0;0;0;0;1
03/06/2014;00:17:00;8;com vítima;103;BR-392/RS;Norte;Colisão Traseira;1;1;0;2;0;0;2
04/06/2014;18:37:00;103;sem vítima;519,9;BR-116/RS;Sul;Abalr.Transversal;1;5;0;0;0;0;1
04/06/2014;08:12:00;39;com vítima;193,4;BR-392/RS;Sul;Tombamento;1;1;1;0;0;0;1
05/06/2014;15:59:00;100;sem vítima;40,1;BR-392/RS;Norte;Saída de Pista;1;2;0;0;0;0;1
09/06/2014;21:24:00;118;com vítima;4,9;BR-392/RS;Norte;Saída de Pista;1;1;2;0;2;0;2
09/06/2014;18:02:00;95;sem vítima;517;BR-116/RS;Norte;Abalr.Transversal;1;2;0;0;0;0;1
10/06/2014;23:51:00;159;sem vítima;7,4;BR-392/RS;Sul;Saída de Pista;1;4;0;0;0;0;1
10/06/2014;19:08:00;130;sem vítima;528,5;BR-116/RS;Norte;Colisão Traseira;1;2;0;0;0;0;1
11/06/2014;01:00:00;9;sem vítima;8,4;BR-392/RS;Sul;Saída de Pista;1;3;0;0;0;0;1
11/06/2014;10:15:00;52;com vítima;36;BR-392/RS;Norte;Saída de Pista;1;5;1;0;0;0;1
13/06/2014;06:42:00;22;com vítima;98,5;BR-392/RS;Sul;Abalr.Sentido Oposto;1;1;1;1;0;0;2
13/06/2014;08:47:00;34;com vítima;141,1;BR-392/RS;Norte;Saída de Pista;1;0;2;0;0;0;1
15/06/2014;03:35:00;20;sem vítima;403;BR-116/RS;Norte;Colisão Frontal;1;2;0;0;0;0;1
15/06/2014;16:54:00;75;com vítima;46,2;BR-392/RS;Norte;Saída de Pista;3;0;0;2;0;1;3
15/06/2014;07:20:00;25;com vítima;75,1;BR-392/RS;Sul;Saída de Pista;1;0;0;0;1;0;2
16/06/2014;13:51:00;75;com vítima;517;BR-116/RS;Norte;Abalr.Transversal;1;4;2;0;0;0;1
17/06/2014;02:16:00;15;sem vítima;4,2;BR-392/RS;Norte;Abalr.Transversal;1;8;0;0;0;0;1
17/06/2014;22:49:00;115;com vítima;8;BR-392/RS;Norte;Atropelamento;1;1;1;0;0;0;1
19/06/2014;00:27:00;10;com vítima;467,4;BR-116/RS;Sul;Atropelamento de Animal;1;2;0;0;0;1;3
20/06/2014;14:01:00;65;sem vítima;68,2;BR-392/RS;Norte;Colisão Traseira;3;10;0;0;0;0;1
20/06/2014;10:52:00;46;com vítima;529,1;BR-116/RS;Norte;Abalr.Mesmo Sentido;1;2;1;0;0;0;1
22/06/2014;08:00:00;19;com vítima;15,7;BR-293/RS;Norte;Saída de Pista;1;1;0;3;0;0;2
22/06/2014;12:29:00;44;com vítima;68,4;BR-392/RS;Norte;Colisão Traseira;1;1;0;0;0;1;3
22/06/2014;16:48:00;62;com vítima;196,5;BR-392/RS;Sul;Tombamento;1;1;2;2;0;0;2
25/06/2014;02:38:00;15;com vítima;414,8;BR-116/RS;Norte;Saída de Pista;1;1;1;1;0;0;2
25/06/2014;18:14:00;88;sem vítima;43,9;BR-293/RS;Norte;Colisão Traseira;2;3;0;0;0;0;1
25/06/2014;14:22:00;65;com vítima;529,3;BR-116/RS;Norte;Abalr.Transversal;2;1;0;1;0;0;2
25/06/2014;07:55:00;29;sem vítima;104,3;BR-392/RS;Norte;Colisão Traseira;2;2;0;0;0;0;1
26/06/2014;07:41:00;20;sem vítima;66,7;BR-392/RS;Sul;Abalr.Transversal;1;1;0;0;0;0;1
26/06/2014;09:40:00;35;sem vítima;526,3;BR-116/RS;Norte;Abalr.Transversal;1;1;0;0;0;0;1
26/06/2014;21:21:00;105;sem vítima;119,8;BR-392/RS;Norte;Abalr.Sentido Oposto;1;1;0;0;0;0;1
27/06/2014;06:15:00;16;com vítima;71,4;BR-392/RS;Norte;Saída de Pista;1;1;1;0;0;0;1
27/06/2014;12:28:00;62;sem vítima;71,4;BR-392/RS;Norte;Outros tipos de acidente;2;3;0;0;0;0;1
30/06/2014;13:02:00;58;sem vítima;464,7;BR-116/RS;Sul;Outros tipos de acidente;1;2;0;0;0;0;1
30/06/2014;09:18:00;33;com vítima;90,3;BR-392/RS;Sul;Saída de Pista;1;0;1;0;0;0;1
01/07/2014;20:14:00;100;sem vítima;2,9;BR-392/RS;Sul;Saída de Pista;1;1;0;0;0;0;1
02/07/2014;09:42:00;43;sem vítima;66,5;BR-392/RS;Sul;Abalr.Transversal;1;4;0;0;0;0;1
04/07/2014;16:27:00;77;com vítima;505,2;BR-116/RS;Sul;Abalr.Mesmo Sentido;1;0;2;0;0;0;1
04/07/2014;15:45:00;73;com vítima;120,9;BR-392/RS;Norte;Abalr.Mesmo Sentido;1;1;0;2;0;0;2
05/07/2014;01:46:00;11;sem vítima;12,8;BR-392/RS;Sul;Colisão Traseira;2;2;0;0;0;0;1
05/07/2014;10:22:00;35;sem vítima;117,1;BR-392/RS;Sul;Abalr.Transversal;1;1;0;0;0;0;1
07/07/2014;16:24:00;96;com vítima;41,8;BR-392/RS;Norte;Tombamento;1;1;1;0;0;0;1
07/07/2014;22:09:00;122;sem vítima;521,4;BR-116/RS;Norte;Colisão Traseira;1;4;0;0;0;0;1
09/07/2014;11:22:00;44;sem vítima;613,2;BR-116/RS;Sul;Saída de Pista;1;3;0;0;0;0;1
10/07/2014;15:17:00;81;sem vítima;25;BR-392/RS;Norte;Saída de Pista;1;1;0;0;0;0;1
10/07/2014;09:57:00;45;com vítima;531;BR-116/RS;Sul;Colisão Traseira;1;1;0;1;0;0;2
11/07/2014;17:20:00;101;sem vítima;66,5;BR-392/RS;Sul;Abalr.Transversal;1;2;0;0;0;0;1
14/07/2014;15:45:00;70;sem vítima;44,8;BR-392/RS;Sul;Saída de Pista;1;3;0;0;0;0;1
14/07/2014;13:30:00;61;com vítima;66,9;BR-392/RS;Sul;Abalr.Transversal;1;1;1;0;0;0;1
14/07/2014;14:05:00;63;sem vítima;80,4;BR-392/RS;Norte;Colisão Traseira;1;5;0;0;0;0;1
14/07/2014;17:47:00;92;com vítima;584;BR-116/RS;Norte;Saída de Pista;1;1;2;0;0;0;1
15/07/2014;08:02:00;35;com vítima;654,4;BR-116/RS;Sul;Saída de Pista;1;3;1;0;0;0;1
17/07/2014;19:03:00;100;sem vítima;527,6;BR-116/RS;Sul;Colisão Traseira;1;3;0;0;0;0;1
18/07/2014;22:23:00;108;sem vítima;5,4;BR-392/RS;Norte;Saída de Pista;1;3;0;0;0;0;1
18/07/2014;10:15:00;38;sem vítima;482;BR-116/RS;Norte;Colisão Traseira;1;2;0;0;0;0;1
18/07/2014;18:42:00;91;sem vítima;132;BR-392/RS;Sul;Colisão Frontal;1;2;0;0;0;0;1
21/07/2014;15:51:00;79;sem vítima;71,5;BR-392/RS;Sul;Abalr.Mesmo Sentido;2;4;0;0;0;0;1
22/07/2014;22:31:00;129;sem vítima;26,5;BR-392/RS;Norte;Colisão com Objeto Fixo;2;2;0;0;0;0;1
22/07/2014;17:33:00;98;sem vítima;81,5;BR-392/RS;Sul;Abalr.Sentido Oposto;1;1;0;0;0;0;1
22/07/2014;05:36:00;19;sem vítima;194;BR-392/RS;Sul;Saída de Pista;1;1;0;0;0;0;1
23/07/2014;13:50:00;70;sem vítima;516;BR-116/RS;Sul;Saída de Pista;1;1;0;0;0;0;1
25/07/2014;05:58:00;20;com vítima;61,6;BR-392/RS;Norte;Colisão com Objeto Fixo;2;5;1;1;0;0;2
26/07/2014;14:20:00;79;com vítima;53,5;BR-392/RS;Norte;Saída de Pista;1;0;2;0;0;0;1
27/07/2014;05:18:00;19;sem vítima;99,5;BR-392/RS;Sul;Saída de Pista;2;3;0;0;0;0;1
27/07/2014;19:14:00;90;sem vítima;531,4;BR-116/RS;Norte;Abalr.Mesmo Sentido;1;1;0;0;0;0;1
28/07/2014;23:59:00;135;sem vítima;61,2;BR-392/RS;Sul;Saída de Pista;1;2;0;0;0;0;1
28/07/2014;07:51:00;23;sem vítima;528,5;BR-116/RS;Norte;Colisão Traseira;1;1;0;0;0;0;1
30/07/2014;06:38:00;20;sem vítima;525,2;BR-116/RS;Norte;Colisão Traseira;1;2;0;0;0;0;1
31/07/2014;22:19:00;110;sem vítima;12,2;BR-392/RS;Norte;Saída de Pista;2;2;0;0;0;0;1
03/08/2014;15:16:00;67;sem vítima;522,7;BR-116/RS;Norte;Abalr.Transversal;1;2;0;0;0;0;1
04/08/2014;07:29:00;26;sem vítima;5,3;BR-392/RS;Sul;Saída de Pista;1;2;0;0;0;0;1
05/08/2014;06:38:00;16;sem vítima;19,8;BR-392/RS;Norte;Atropelamento de Animal;2;2;0;0;0;0;1
05/08/2014;19:45:00;106;sem vítima;515;BR-116/RS;Norte;Abalr.Sentido Oposto;1;4;0;0;0;0;1
05/08/2014;08:17:00;28;sem vítima;521;BR-116/RS;Sul;Abalr.Transversal;2;2;0;0;0;0;1
06/08/2014;22:40:00;112;sem vítima;2,8;BR-392/RS;Norte;Colisão Traseira;1;1;0;0;0;0;1
06/08/2014;07:19:00;21;com vítima;4,8;BR-392/RS;Sul;Abalr.Transversal;2;1;0;1;0;0;2
06/08/2014;13:23:00;53;sem vítima;66,9;BR-392/RS;Sul;Abalr.Transversal;4;4;0;0;0;0;1
06/08/2014;23:35:00;115;sem vítima;655,2;BR-116/RS;Norte;Atropelamento de Animal;1;2;0;0;0;0;1
08/08/2014;16:57:00;106;sem vítima;443,2;BR-116/RS;Norte;Abalr.Mesmo Sentido;1;2;0;0;0;0;1
08/08/2014;13:15:00;72;sem vítima;105,2;BR-392/RS;Norte;Saída de Pista;1;1;0;0;0;0;1
13/08/2014;13:58:00;67;sem vítima;449,9;BR-116/RS;Sul;Colisão Frontal;1;2;0;0;0;0;1
13/08/2014;15:09:00;71;sem vítima;76,3;BR-392/RS;Sul;Abalr.Transversal;1;3;0;0;0;0;1
13/08/2014;10:14:00;43;com vítima;529;BR-116/RS;Norte;Colisão Traseira;1;0;1;0;0;0;1
17/08/2014;06:58:00;29;sem vítima;494,5;BR-116/RS;Sul;Tombamento;1;1;0;0;0;0;1
21/08/2014;19:22:00;113;sem vítima;449;BR-116/RS;Sul;Atropelamento;1;2;0;0;0;0;1
21/08/2014;06:41:00;20;com vítima;47,2;BR-392/RS;Sul;Saída de Pista;1;0;0;1;0;0;2
24/08/2014;12:31:00;60;sem vítima;22,9;BR-392/RS;Sul;Saída de Pista;1;1;0;0;0;0;1
25/08/2014;22:10:00;100;com vítima;18;BR-392/RS;Sul;Abalr.Mesmo Sentido;1;2;1;0;0;0;1
29/08/2014;12:17:00;58;com vítima;459;BR-116/RS;Norte;Colisão Traseira;1;1;0;1;0;0;2
29/08/2014;03:04:00;15;sem vítima;639;BR-116/RS;Norte;Saída de Pista;1;3;0;0;0;0;1
01/09/2014;08:14:00;23;sem vítima;405,1;BR-116/RS;Sul;Atropelamento;2;2;0;0;0;0;1
01/09/2014;08:51:00;28;com vítima;405,1;BR-116/RS;Sul;Colisão Traseira;2;3;1;0;0;0;1
02/09/2014;11:29:00;60;com vítima;526,1;BR-116/RS;Sul;Colisão Traseira;1;1;2;0;0;0;1
03/09/2014;01:59:00;12;sem vítima;482,2;BR-116/RS;Sul;Saída de Pista;2;3;0;0;0;0;1
03/09/2014;07:14:00;21;sem vítima;38,3;BR-392/RS;Sul;Saída de Pista;3;6;0;0;0;0;1
04/09/2014;09:22:00;36;sem vítima;481,6;BR-116/RS;Norte;Colisão Traseira;2;4;0;0;0;0;1
04/09/2014;01:51:00;12;sem vítima;29,5;BR-392/RS;Sul;Atropelamento de Animal;1;2;0;0;0;0;1
05/09/2014;19:36:00;124;sem vítima;482,3;BR-116/RS;Sul;Tombamento;1;3;0;0;0;0;1
06/09/2014;15:36:00;75;com vítima;67;BR-392/RS;Sul;Abalr.Transversal;1;1;0;0;0;2;3
10/09/2014;08:22:00;36;sem vítima;493,7;BR-116/RS;Norte;Saída de Pista;1;1;0;0;0;0;1
11/09/2014;18:08:00;88;sem vítima;14;BR-392/RS;Norte;Saída de Pista;1;8;0;0;0;0;1
11/09/2014;13:54:00;71;sem vítima;15,5;BR-392/RS;Norte;Abalr.Transversal;1;2;0;0;0;0;1
11/09/2014;11:37:00;53;sem vítima;166,5;BR-392/RS;Norte;Saída de Pista;2;4;0;0;0;0;1
12/09/2014;06:55:00;22;com vítima;417,1;BR-116/RS;Norte;Saída de Pista;1;2;1;0;0;0;1
13/09/2014;18:53:00;96;sem vítima;66,7;BR-392/RS;Sul;Saída de Pista;3;3;0;0;0;0;1
14/09/2014;18:13:00;81;sem vítima;607;BR-116/RS;Sul;Abalr.Transversal;1;4;0;0;0;0;1
16/09/2014;20:28:00;134;sem vítima;413,1;BR-116/RS;Norte;Saída de Pista;1;3;0;0;0;0;1
16/09/2014;07:02:00;20;com vítima;4,2;BR-392/RS;Sul;Abalr.Transversal;1;1;0;1;0;0;2
17/09/2014;16:19:00;88;com vítima;6,5;BR-392/RS;Norte;Abalr.Transversal;1;1;1;1;0;0;2
17/09/2014;21:51:00;122;com vítima;459,6;BR-116/RS;Norte;Abalr.Transversal;1;0;1;0;0;0;1
19/09/2014;21:18:00;135;com vítima;529,3;BR-116/RS;Sul;Abalr.Transversal;1;0;0;2;1;0;2
20/09/2014;07:01:00;23;sem vítima;1,5;BR-392/RS;Sul;Colisão Frontal;1;2;0;0;0;0;1
21/09/2014;15:31:00;67;sem vítima;563,4;BR-116/RS;Sul;Abalr.Transversal;3;6;0;0;0;0;1
22/09/2014;15:22:00;79;sem vítima;501;BR-116/RS;Norte;Saída de Pista;1;3;0;0;0;0;1
22/09/2014;12:41:00;65;com vítima;82,2;BR-392/RS;Sul;Abalr.Mesmo Sentido;1;2;0;1;0;0;2
22/09/2014;08:19:00;37;sem vítima;189;BR-392/RS;Norte;Abalr.Transversal;1;2;0;0;0;0;1
23/09/2014;15:56:00;77;sem vítima;517;BR-116/RS;Norte;Colisão Frontal;1;1;0;0;0;0;1
24/09/2014;19:47:00;126;com vítima;453;BR-116/RS;Sul;Saída de Pista;1;1;0;1;0;0;2
24/09/2014;13:19:00;76;sem vítima;530,1;BR-116/RS;Norte;Abalr.Transversal;1;2;0;0;0;0;1
24/09/2014;10:06:00;52;com vítima;536,4;BR-116/RS;Norte;Colisão Traseira;1;3;2;0;0;0;1
24/09/2014;19:25:00;124;sem vítima;114,3;BR-392/RS;Sul;Colisão Frontal;1;4;0;0;0;0;1
29/09/2014;17:34:00;61;sem vítima;570,6;BR-116/RS;Sul;Colisão Traseira;1;2;0;0;0;0;1
29/09/2014;14:53:00;55;sem vítima;150;BR-392/RS;Sul;Tombamento;2;2;0;0;0;0;1
30/09/2014;19:02:00;92;sem vítima;428;BR-116/RS;Norte;Colisão Traseira;1;2;0;0;0;0;1
30/09/2014;09:41:00;38;sem vítima;17,2;BR-392/RS;Sul;Abalr.Mesmo Sentido;1;6;0;0;0;0;1
30/09/2014;08:30:00;32;com vítima;62;BR-392/RS;Norte;Colisão Traseira;1;1;0;0;1;0;2
03/10/2014;18:54:00;112;sem vítima;427,5;BR-116/RS;Sul;Abalr.Transversal;1;1;0;0;0;0;1
04/10/2014;19:44:00;80;com vítima;62,8;BR-392/RS;Norte;Atropelamento de Animal;1;1;0;0;0;1;3
04/10/2014;12:20:00;42;com vítima;516,9;BR-116/RS;Sul;Colisão Traseira;1;1;1;0;0;0;1
06/10/2014;12:34:00;47;sem vítima;66,2;BR-392/RS;Sul;Abalr.Mesmo Sentido;1;2;0;0;0;0;1
09/10/2014;04:34:00;13;com vítima;1,6;BR-392/RS;Sul;Saída de Pista;1;1;3;0;0;0;1
12/10/2014;02:42:00;19;sem vítima;536,6;BR-116/RS;Sul;Atropelamento de Animal;1;2;0;0;0;0;1
18/10/2014;12:17:00;58;com vítima;571,5;BR-116/RS;Sul;Saída de Pista;1;1;1;0;0;0;1
19/10/2014;08:31:00;25;sem vítima;462;BR-116/RS;Sul;Capotamento;1;2;0;0;0;0;1
19/10/2014;05:48:00;16;sem vítima;60;BR-392/RS;Norte;Colisão Traseira;1;1;0;0;0;0;1
21/10/2014;00:02:00;1;sem vítima;111,4;BR-392/RS;Sul;Colisão Traseira;1;1;0;0;0;0;1
22/10/2014;06:34:00;22;sem vítima;32,9;BR-392/RS;Sul;Colisão Traseira;1;2;0;0;0;0;1
23/10/2014;13:41:00;63;com vítima;491,5;BR-116/RS;Sul;Abalr.Mesmo Sentido;1;1;0;1;0;0;2
23/10/2014;11:09:00;47;com vítima;523,5;BR-116/RS;Norte;Abalr.Transversal;1;1;0;0;1;0;2
25/10/2014;19:25:00;110;sem vítima;13,6;BR-392/RS;Sul;Saída de Pista;1;2;0;0;0;0;1
25/10/2014;20:30:00;118;sem vítima;35,4;BR-392/RS;Sul;Saída de Pista;1;6;0;0;0;0;1
26/10/2014;18:30:00;85;sem vítima;58,9;BR-392/RS;Sul;Saída de Pista;1;2;0;0;0;0;1
27/10/2014;08:49:00;39;com vítima;0,1;BR-392/RS;Sul;Colisão Traseira;1;2;0;1;0;0;2
29/10/2014;12:32:00;44;com vítima;557,6;BR-116/RS;Norte;Saída de Pista;1;1;0;1;0;0;2
30/10/2014;12:24:00;62;sem vítima;4,3;BR-392/RS;Norte;Abalr.Mesmo Sentido;2;2;0;0;0;0;1
31/10/2014;18:18:00;90;sem vítima;465;BR-116/RS;Sul;Abalr.Transversal;1;3;0;0;0;0;1
31/10/2014;08:33:00;36;com vítima;111,4;BR-392/RS;Sul;Colisão Traseira;1;1;0;0;0;1;3
01/11/2014;06:15:00;28;com vítima;523;BR-116/RS;Sul;Saída de Pista;1;1;0;0;0;1;3
02/11/2014;19:08:00;113;sem vítima;519;BR-116/RS;Sul;Atropelamento;1;2;0;0;0;0;1
03/11/2014;01:27:00;11;com vítima;482,4;BR-116/RS;Sul;Saída de Pista;2;4;0;1;0;0;2
03/11/2014;22:01:00;117;sem vítima;90,2;BR-392/RS;Norte;Saída de Pista;2;3;0;0;0;0;1
04/11/2014;04:03:00;19;com vítima;428,2;BR-116/RS;Norte;Atropelamento de Animal;1;5;1;0;0;0;1
05/11/2014;07:48:00;40;sem vítima;585,1;BR-116/RS;Sul;Saída de Pista;1;3;0;0;0;0;1
06/11/2014;08:47:00;41;com vítima;520,8;BR-116/RS;Sul;Abalr.Transversal;1;1;0;0;1;0;2
08/11/2014;09:41:00;36;sem vítima;132,5;BR-392/RS;Sul;Colisão Traseira;1;5;0;0;0;0;1
09/11/2014;15:29:00;75;sem vítima;47,1;BR-392/RS;Norte;Saída de Pista;1;1;0;0;0;0;1
09/11/2014;00:21:00;7;com vítima;516,7;BR-116/RS;Norte;Atropelamento;1;1;1;0;0;0;1
09/11/2014;21:00:00;111;com vítima;564,3;BR-116/RS;Norte;Saída de Pista;1;0;0;0;0;1;3
12/11/2014;11:23:00;54;com vítima;425,8;BR-116/RS;Norte;Colisão Traseira;1;1;0;0;3;1;3
13/11/2014;14:18:00;63;sem vítima;520,9;BR-116/RS;Sul;Abalr.Transversal;1;3;0;0;0;0;1
14/11/2014;14:20:00;63;com vítima;521;BR-116/RS;Norte;Abalr.Transversal;2;1;1;0;0;0;1
14/11/2014;18:17:00;96;sem vítima;100,7;BR-392/RS;Sul;Colisão Traseira;1;2;0;0;0;0;1
16/11/2014;00:33:00;8;sem vítima;520,9;BR-116/RS;Sul;Abalr.Transversal;1;2;0;0;0;0;1
16/11/2014;18:06:00;88;com vítima;624,9;BR-116/RS;Sul;Colisão Frontal;1;2;2;0;0;0;1
17/11/2014;08:22:00;31;sem vítima;1,3;BR-392/RS;Norte;Abalr.Transversal;1;29;0;0;0;0;1
19/11/2014;17:36:00;111;com vítima;516,8;BR-116/RS;Norte;Abalr.Transversal;1;1;1;1;0;0;2
25/11/2014;17:16:00;74;sem vítima;74,5;BR-392/RS;Sul;Abalr.Transversal;1;1;0;0;0;0;1
25/11/2014;14:27:00;59;com vítima;559,4;BR-116/RS;Norte;Colisão Traseira;1;4;0;1;0;0;2
28/11/2014;01:58:00;22;sem vítima;14,4;BR-392/RS;Sul;Outros tipos de acidente;1;1;0;0;0;0;1
28/11/2014;08:49:00;39;sem vítima;19,5;BR-392/RS;Norte;Tombamento;1;1;0;0;0;0;1
28/11/2014;18:19:00;96;com vítima;523,5;BR-116/RS;Norte;Colisão Traseira;1;2;4;0;0;0;1
29/11/2014;17:37:00;76;com vítima;19,1;BR-392/RS;Norte;Colisão Traseira;1;3;0;1;1;0;2
01/12/2014;16:29:00;73;com vítima;7,3;BR-392/RS;Norte;Abalr.Transversal;1;2;1;0;0;0;1
08/12/2014;18:36:00;117;com vítima;97,4;BR-392/RS;Norte;Abalr.Mesmo Sentido;1;1;1;0;0;0;1
09/12/2014;10:58:00;47;sem vítima;71,8;BR-392/RS;Sul;Abalr.Transversal;1;4;0;0;0;0;1
12/12/2014;18:46:00;80;sem vítima;99,6;BR-392/RS;Sul;Tombamento;2;3;0;0;0;0;1
15/12/2014;13:33:00;64;sem vítima;66,2;BR-392/RS;Sul;Abalr.Transversal;1;1;0;0;0;0;1
16/12/2014;22:48:00;110;sem vítima;454,6;BR-116/RS;Norte;Abalr.Transversal;1;1;0;0;0;0;1