data;horario;n_da_ocorrencia;tipo_de_ocorrencia;km;trecho;sentido;tipo_de_acidente;caminhao;ilesos;levemente_feridos;moderadamente_feridos;gravemente_feridos;mortos;3
16/12/2014;04:10:00;20;sem vítima;28,4;BR-392/RS;Sul;Saída de Pista;1;2;0;0;0;0;1
16/12/2014;11:30:00;58;sem vítima;514,5;BR-116/RS;Norte;Tombamento;1;3;0;0;0;0;1
17/12/2014;23:12:00;125;sem vítima;496;BR-116/RS;Norte;Colisão Traseira;1;3;0;0;0;0;1
17/12/2014;17:44:00;97;sem vítima;523;BR-116/RS;Sul;Abalr.Transversal;1;1;0;0;0;0;1
19/12/2014;16:46:00;79;com vítima;484,8;BR-116/RS;Norte;Colisão Traseira;2;3;1;0;0;0;1
19/12/2014;13:59:00;61;com vítima;68;BR-392/RS;Sul;Colisão Traseira;1;2;2;0;0;0;1
21/12/2014;12:35:00;43;com vítima;407,7;BR-116/RS;Sul;Saída de Pista;1;1;0;1;0;0;2
24/12/2014;21:29:00;113;com vítima;532,6;BR-116/RS;Norte;Tombamento;2;2;1;0;0;0;1
26/12/2014;23:53:00;84;sem vítima;400,8;BR-116/RS;Norte;Saída de Pista;1;3;0;0;0;0;1
26/12/2014;09:59:00;22;sem vítima;513,5;BR-116/RS;Norte;Tombamento;1;1;0;0;0;0;1
26/12/2014;17:59:00;66;com vítima;519,7;BR-116/RS;Norte;Abalr.Transversal;1;0;1;0;0;0;1
26/12/2014;04:40:00;14;sem vítima;75;BR-392/RS;Sul;Colisão Traseira;2;2;0;0;0;0;1
26/12/2014;22:45:00;81;sem vítima;83,3;BR-392/RS;Norte;Saída de Pista;2;2;0;0;0;0;1
30/12/2014;12:13:00;63;sem vítima;445,6;BR-116/RS;Sul;Abalr.Mesmo Sentido;1;2;0;0;0;0;1
02/01/2015;17:58:00;87;sem vítima;523,7;BR-116/RS;Norte;Tombamento;1;4;0;0;0;0;1
05/01/2015;15:49:00;76;sem vítima;479,6;BR-116/RS;Sul;Colisão Frontal;1;2;0;0;0;0;1
07/01/2015;17:03:00;78;sem vítima;119,5;BR-392/RS;Norte;Abalr.Mesmo Sentido;1;17;0;0;0;0;1
08/01/2015;17:04:00;97;com vítima;65,8;BR-392/RS;Sul;Abalr.Transversal;1;0;0;1;0;0;2
12/01/2015;15:36:00;74;com vítima;523,5;BR-116/RS;Sul;Abalr.Mesmo Sentido;1;0;1;0;0;0;1
13/01/2015;17:16:00;98;sem vítima;116;BR-392/RS;Norte;Colisão Frontal;1;1;0;0;0;0;1
15/01/2015;13:54:00;64;com vítima;65,5;BR-392/RS;Sul;Saída de Pista;1;0;0;0;1;0;2
19/01/2015;10:44:00;57;sem vítima;406,1;BR-116/RS;Norte;Abalr.Sentido Oposto;1;5;0;0;0;0;1
19/01/2015;18:52:00;109;com vítima;482,5;BR-116/RS;Norte;Abalr.Transversal;1;4;0;1;0;1;3
19/01/2015;12:53:00;72;com vítima;510,5;BR-116/RS;Norte;Abalr.Transversal;1;1;0;1;0;0;2
20/01/2015;02:48:00;20;sem vítima;483,9;BR-116/RS;Norte;Saída de Pista;1;1;0;0;0;0;1
21/01/2015;08:38:00;37;sem vítima;59,1;BR-392/RS;Sul;Colisão com Objeto Fixo;2;2;0;0;0;0;1
22/01/2015;13:34:00;54;sem vítima;167,7;BR-392/RS;Norte;Saída de Pista;1;1;0;0;0;0;1
23/01/2015;06:50:00;23;com vítima;102,1;BR-392/RS;Sul;Colisão Traseira;1;2;0;1;0;0;2
24/01/2015;20:13:00;95;sem vítima;482,2;BR-116/RS;Sul;Tombamento;1;1;0;0;0;0;1
25/01/2015;00:27:00;4;sem vítima;426,8;BR-116/RS;Norte;Atropelamento;1;1;0;0;0;0;1
28/01/2015;06:42:00;33;sem vítima;4,7;BR-392/RS;Sul;Atropelamento;1;1;0;0;0;0;1
30/01/2015;09:42:00;34;sem vítima;83,8;BR-392/RS;Norte;Colisão Traseira;2;3;0;0;0;0;1
30/01/2015;06:27:00;24;sem vítima;535,2;BR-116/RS;Sul;Colisão Traseira;1;1;0;0;0;0;1
31/01/2015;07:57:00;27;com vítima;174,7;BR-392/RS;Sul;Saída de Pista;1;1;1;0;0;0;1
08/02/2015;18:11:00;81;sem vítima;43,2;BR-392/RS;Norte;Abalr.Mesmo Sentido;1;1;0;0;0;0;1
08/02/2015;23:50:00;122;sem vítima;504,2;BR-116/RS;Sul;Saída de Pista;1;1;0;0;0;0;1
13/02/2015;14:58:00;94;sem vítima;522,7;BR-116/RS;Sul;Abalr.Mesmo Sentido;1;2;0;0;0;0;1
13/02/2015;15:57:00;107;sem vítima;656,1;BR-116/RS;Norte;Saída de Pista;1;1;0;0;0;0;1
14/02/2015;21:56:00;147;sem vítima;114,4;BR-392/RS;Norte;Abalr.Transversal;1;1;0;0;0;0;1
15/02/2015;00:40:00;10;com vítima;444,5;BR-116/RS;Sul;Saída de Pista;1;1;0;1;0;0;2
16/02/2015;02:06:00;11;com vítima;528,3;BR-116/RS;Sul;Colisão Traseira;1;8;0;0;1;0;2
17/02/2015;18:45:00;93;sem vítima;19,5;BR-392/RS;Norte;Colisão Traseira;1;1;0;0;0;0;1
17/02/2015;21:26:00;109;com vítima;66,5;BR-392/RS;Norte;Abalr.Mesmo Sentido;1;1;0;1;1;0;2
18/02/2015;13:49:00;55;sem vítima;20,8;BR-392/RS;Norte;Colisão Traseira;2;2;0;0;0;0;1
18/02/2015;10:21:00;38;com vítima;516,4;BR-116/RS;Norte;Abalr.Transversal;1;1;1;0;0;0;1
18/02/2015;17:13:00;92;sem vítima;62,2;BR-392/RS;Sul;Colisão Traseira;1;2;0;0;0;0;1
19/02/2015;16:46:00;107;sem vítima;455,5;BR-116/RS;Norte;Saída de Pista;2;2;0;0;0;0;1
19/02/2015;16:05:00;100;sem vítima;142,2;BR-392/RS;Sul;Saída de Pista;2;5;0;0;0;0;1
21/02/2015;23:01:00;133;com vítima;452,1;BR-116/RS;Norte;Saída de Pista;1;6;0;1;0;0;2
22/02/2015;13:23:00;59;com vítima;519,4;BR-116/RS;Sul;Abalr.Transversal;1;0;1;0;0;0;1
26/02/2015;16:49:00;46;com vítima;99,6;BR-392/RS;Norte;Tombamento;1;1;0;1;0;0;2
03/03/2015;11:28:00;45;sem vítima;193,6;BR-392/RS;Sul;Saída de Pista;1;1;0;0;0;0;1
04/03/2015;11:49:00;51;com vítima;62,1;BR-392/RS;Sul;Colisão Traseira;1;0;1;0;0;0;1
05/03/2015;16:21:00;73;sem vítima;424,7;BR-116/RS;Norte;Tombamento;1;1;0;0;0;0;1
05/03/2015;12:46:00;59;sem vítima;510,7;BR-116/RS;Norte;Tombamento;1;1;0;0;0;0;1
07/03/2015;08:03:00;30;com vítima;22;BR-392/RS;Sul;Saída de Pista;1;0;1;0;0;0;1
08/03/2015;05:47:00;20;com vítima;2,5;BR-392/RS;Sul;Outros tipos de acidente;1;0;1;0;1;0;2
09/03/2015;09:32:00;46;com vítima;65;BR-392/RS;Norte;Colisão Traseira;1;1;0;1;0;0;2
11/03/2015;23:47:00;110;sem vítima;526,2;BR-116/RS;Norte;Saída de Pista;1;1;0;0;0;0;1
12/03/2015;18:46:00;102;com vítima;28,2;BR-392/RS;Sul;Abalr.Mesmo Sentido;1;0;0;1;0;0;2
13/03/2015;22:49:00;118;sem vítima;12,5;BR-392/RS;Sul;Colisão Traseira;1;1;0;0;0;0;1
13/03/2015;13:43:00;70;sem vítima;61;BR-392/RS;Sul;Colisão Traseira;1;4;0;0;0;0;1
14/03/2015;11:50:00;68;sem vítima;562,9;BR-116/RS;Norte;Capotamento;1;3;0;0;0;0;1
16/03/2015;07:15:00;24;com vítima;19,8;BR-392/RS;Sul;Colisão Traseira;1;3;0;1;0;0;2
16/03/2015;20:52:00;133;sem vítima;521,1;BR-116/RS;Norte;Colisão Traseira;1;1;0;0;0;0;1
22/03/2015;09:06:00;28;com vítima;30;BR-392/RS;Sul;Colisão Traseira;2;0;2;0;0;0;1
23/03/2015;19:17:00;107;sem vítima;4,4;BR-392/RS;Norte;Colisão Traseira;1;1;0;0;0;0;1
23/03/2015;04:58:00;16;sem vítima;568;BR-116/RS;Sul;Saída de Pista;1;1;0;0;0;0;1
27/03/2015;14:23:00;70;sem vítima;430,3;BR-116/RS;Norte;Colisão Traseira;2;2;0;0;0;0;1
27/03/2015;22:26:00;115;sem vítima;510,9;BR-116/RS;Norte;Colisão Traseira;1;2;0;0;0;0;1
27/03/2015;14:00:00;68;com vítima;150,4;BR-392/RS;Sul;Tombamento;1;1;0;0;0;1;3
28/03/2015;07:37:00;19;com vítima;513,9;BR-116/RS;Sul;Tombamento;1;1;0;0;1;0;2
29/03/2015;13:41:00;68;sem vítima;520,9;BR-116/RS;Norte;Abalr.Transversal;1;5;0;0;0;0;1
01/04/2015;07:38:00;20;sem vítima;516,7;BR-116/RS;Norte;Abalr.Transversal;1;3;0;0;0;0;1
02/04/2015;13:06:00;65;sem vítima;1,4;BR-392/RS;Sul;Colisão Traseira;1;2;0;0;0;0;1
02/04/2015;06:13:00;14;sem vítima;407,1;BR-116/RS;Norte;Saída de Pista;1;4;0;0;0;0;1
02/04/2015;07:37:00;20;sem vítima;9,8;BR-392/RS;Sul;Colisão Traseira;1;1;0;0;0;0;1
03/04/2015;08:13:00;19;sem vítima;34,1;BR-392/RS;Norte;Saída de Pista;1;2;0;0;0;0;1
03/04/2015;14:05:00;57;sem vítima;114,8;BR-392/RS;Sul;Colisão Traseira;2;2;0;0;0;0;1
04/04/2015;15:27:00;86;com vítima;498,7;BR-116/RS;Sul;Colisão Traseira;1;1;0;1;0;0;2
05/04/2015;21:02:00;107;com vítima;426,5;BR-116/RS;Norte;Colisão Frontal;1;1;2;0;0;0;1
05/04/2015;18:00:00;90;sem vítima;509,1;BR-116/RS;Sul;Colisão Traseira;1;1;0;0;0;0;1
07/04/2015;20:03:00;89;sem vítima;26;BR-392/RS;Norte;Abalr.Mesmo Sentido;1;2;0;0;0;0;1
07/04/2015;13:20:00;62;com vítima;509,3;BR-116/RS;Norte;Colisão Traseira;1;1;1;0;1;0;2
07/04/2015;08:02:00;20;sem vítima;114;BR-392/RS;Norte;Colisão Traseira;1;2;0;0;0;0;1
08/04/2015;07:25:00;14;sem vítima;20,6;BR-392/RS;Sul;Abalr.Mesmo Sentido;1;3;0;0;0;0;1
09/04/2015;15:50:00;78;sem vítima;58,8;BR-392/RS;Norte;Saída de Pista;1;1;0;0;0;0;1
10/04/2015;07:45:00;20;sem vítima;8,9;BR-392/RS;Sul;Colisão Traseira;2;2;0;0;0;0;1
10/04/2015;14:09:00;55;sem vítima;444,5;BR-116/RS;Sul;Tombamento;1;2;0;0;0;0;1
10/04/2015;08:08:00;21;com vítima;31,8;BR-392/RS;Norte;Colisão Traseira;1;0;1;0;0;0;1
10/04/2015;22:42:00;101;com vítima;113;BR-392/RS;Sul;Colisão Traseira;1;0;1;0;0;0;1
11/04/2015;07:30:00;20;sem vítima;96,4;BR-392/RS;Norte;Abalr.Sentido Oposto;1;1;0;0;0;0;1
12/04/2015;19:05:00;82;com vítima;534;BR-116/RS;Norte;Atropelamento de Animal;1;20;0;0;3;0;2
13/04/2015;17:52:00;105;com vítima;13;BR-392/RS;Norte;Colisão Traseira;1;1;1;0;0;0;1
13/04/2015;19:16:00;109;sem vítima;23;BR-392/RS;Sul;Colisão Traseira;1;3;0;0;0;0;1
13/04/2015;06:15:00;19;com vítima;136,1;BR-392/RS;Sul;Colisão Frontal;2;0;1;1;0;0;2
14/04/2015;12:21:00;67;com vítima;415,9;BR-116/RS;Sul;Outros tipos de acidente;1;0;1;0;0;0;1
15/04/2015;12:30:00;68;sem vítima;85,8;BR-392/RS;Sul;Saída de Pista;2;2;0;0;0;0;1
17/04/2015;21:34:00;109;sem vítima;19,9;BR-392/RS;Norte;Colisão Traseira;1;1;0;0;0;0;1
17/04/2015;05:12:00;18;com vítima;34,4;BR-392/RS;Norte;Atropelamento de Animal;1;1;3;0;0;0;1
17/04/2015;08:57:00;40;com vítima;514,6;BR-116/RS;Norte;Abalr.Transversal;2;1;1;0;0;0;1
17/04/2015;16:52:00;88;sem vítima;178,3;BR-392/RS;Sul;Colisão Frontal;1;1;0;0;0;0;1
19/04/2015;05:50:00;27;sem vítima;464,8;BR-116/RS;Sul;Saída de Pista;1;5;0;0;0;0;1
19/04/2015;06:11:00;28;sem vítima;74,4;BR-392/RS;Sul;Abalr.Transversal;2;2;0;0;0;0;1
20/04/2015;04:30:00;18;com vítima;113,4;BR-392/RS;Norte;Atropelamento;1;2;2;0;0;0;1
20/04/2015;17:32:00;91;com vítima;563,4;BR-116/RS;Sul;Abalr.Transversal;1;1;1;0;0;0;1
21/04/2015;13:28:00;56;sem vítima;634;BR-116/RS;Norte;Saída de Pista;2;2;0;0;0;0;1
22/04/2015;15:28:00;74;sem vítima;7,5;BR-392/RS;Sul;Abalr.Transversal;2;2;0;0;0;0;1
22/04/2015;07:52:00;22;com vítima;10;BR-392/RS;Sul;Colisão Traseira;2;0;4;2;0;0;2
23/04/2015;12:08:00;48;com vítima;527,3;BR-116/RS;Sul;Colisão Traseira;1;1;1;0;0;0;1
25/04/2015;09:57:00;36;com vítima;83,1;BR-392/RS;Sul;Colisão Traseira;1;1;1;0;0;0;1
26/04/2015;17:44:00;70;com vítima;436,4;BR-116/RS;Norte;Tombamento;1;1;0;1;0;0;2
28/04/2015;23:54:00;110;com vítima;436,2;BR-116/RS;Sul;Atropelamento de Animal;1;0;0;0;1;0;2
01/05/2015;19:49:00;81;com vítima;531,8;BR-116/RS;Norte;Tombamento;1;1;1;0;0;0;1
02/05/2015;19:30:00;91;com vítima;22;BR-392/RS;Sul;Tombamento;1;0;1;0;0;0;1
02/05/2015;13:25:00;69;com vítima;600,4;BR-116/RS;Sul;Saída de Pista;1;0;1;0;0;0;1
05/05/2015;07:19:00;20;com vítima;521;BR-116/RS;Norte;Abalr. Transversal;2;0;2;0;0;0;1
05/05/2015;08:38:00;27;sem vítima;77,4;BR-392/RS;Sul;Abalr. Sentido Oposto;1;3;0;0;0;0;1
09/05/2015;23:05:00;99;com vítima;51,8;BR-392/RS;Norte;Saída de Pista;1;7;2;0;0;0;1
10/05/2015;12:10:00;62;com vítima;26,6;BR-392/RS;Norte;Atropelamento;1;1;1;1;0;0;2
13/05/2015;06:51:00;13;com vítima;426,9;BR-116/RS;Sul;Colisão Traseira;1;3;1;1;0;0;2
13/05/2015;09:43:00;27;sem vítima;526,5;BR-116/RS;Sul;Abalr. Transversal;2;2;0;0;0;0;1
13/05/2015;18:47:00;68;com vítima;190,7;BR-392/RS;Norte;Saída de Pista;1;1;2;0;0;0;1
14/05/2015;12:31:00;65;com vítima;24,3;BR-392/RS;Norte;Atropelamento;1;1;0;2;0;0;2
14/05/2015;18:44:00;99;com vítima;96;BR-392/RS;Sul;Atropelamento de Animal;3;3;0;2;0;0;2
14/05/2015;18:53:00;100;com vítima;612;BR-116/RS;Norte;Abalr. Transversal;1;0;2;0;0;0;1
15/05/2015;17:41:00;91;com vítima;160,4;BR-392/RS;Norte;Colisão com Objeto Fixo;1;0;4;1;0;0;2
16/05/2015;13:18:00;61;sem vítima;112,9;BR-392/RS;Norte;Abalr. Transversal;2;2;0;0;0;0;1
17/05/2015;19:21:00;83;sem vítima;400,6;BR-116/RS;Norte;Capotamento;1;4;0;0;0;0;1
18/05/2015;12:39:00;59;sem vítima;529,2;BR-116/RS;Sul;Tombamento;1;1;0;0;0;0;1
20/05/2015;08:47:00;22;sem vítima;4,8;BR-392/RS;Sul;Abalr. Transversal;1;2;0;0;0;0;1
23/05/2015;13:06:00;54;com vítima;523,3;BR-116/RS;Sul;Colisão Traseira;1;0;1;0;0;0;1
25/05/2015;12:03:00;44;com vítima;58,1;BR-392/RS;Sul;Colisão Traseira;1;0;2;0;0;0;1
27/05/2015;14:59:00;61;sem vítima;9,8;BR-392/RS;Sul;Colisão Traseira;1;3;0;0;0;0;1
27/05/2015;08:30:00;33;sem vítima;461,1;BR-116/RS;Norte;Colisão Frontal;1;3;0;0;0;0;1
28/05/2015;05:12:00;12;com vítima;525,4;BR-116/RS;Norte;Saída de Pista;1;1;0;1;1;0;2
04/06/2015;10:47:00;62;sem vítima;417;BR-116/RS;Sul;Colisão Traseira;2;2;0;0;0;0;1
05/06/2015;16:10:00;58;sem vítima;406,1;BR-116/RS;Sul;Colisão Traseira;2;2;0;0;0;0;1
05/06/2015;22:10:00;88;sem vítima;418,4;BR-116/RS;Sul;Colisão Frontal;2;2;0;0;0;0;1
05/06/2015;21:21:00;83;sem vítima;22,3;BR-392/RS;Sul;Abalr. Mesmo Sentido;2;4;0;0;0;0;1
05/06/2015;06:20:00;10;com vítima;32,2;BR-392/RS;Sul;Saída de Pista;1;0;1;0;0;0;1
05/06/2015;11:04:00;36;sem vítima;576,9;BR-116/RS;Norte;Saída de Pista;2;3;0;0;0;0;1
06/06/2015;18:32:00;105;sem vítima;28,4;BR-392/RS;Norte;Atropelamento;1;1;0;0;0;0;1
06/06/2015;10:11:00;49;sem vítima;516,8;BR-116/RS;Sul;Colisão Frontal;1;2;0;0;0;0;1
09/06/2015;06:49:00;19;sem vítima;20,3;BR-392/RS;Sul;Saída de Pista;2;3;0;0;0;0;1
09/06/2015;16:18:00;70;com vítima;526,5;BR-116/RS;Norte;Abalr. Sentido Oposto;1;1;2;2;0;0;2
10/06/2015;02:04:00;10;sem vítima;10;BR-392/RS;Sul;Abalr. Transversal;3;3;0;0;0;0;1
10/06/2015;23:11:00;117;com vítima;535;BR-116/RS;Norte;Saída de Pista;1;2;1;0;0;0;1
13/06/2015;14:20:00;68;com vítima;416,1;BR-116/RS;Norte;Abalr. Mesmo Sentido;1;1;1;0;0;0;1
14/06/2015;06:15:00;13;sem vítima;99,5;BR-392/RS;Sul;Colisão com Objeto Fixo;1;4;0;0;0;0;1
15/06/2015;20:27:00;103;sem vítima;35,1;BR-392/RS;Norte;Atropelamento de Animal;2;6;0;0;0;0;1
15/06/2015;00:29:00;1;sem vítima;83,5;BR-392/RS;Sul;Saída de Pista;1;2;0;0;0;0;1
16/06/2015;16:26:00;98;sem vítima;415,6;BR-116/RS;Norte;Colisão Traseira;1;2;0;0;0;0;1
17/06/2015;07:43:00;17;sem vítima;9,9;BR-392/RS;Sul;Abalr. Mesmo Sentido;1;3;0;0;0;0;1
20/06/2015;18:27:00;80;sem vítima;72,5;BR-392/RS;Sul;Tombamento;2;2;0;0;0;0;1
21/06/2015;09:10:00;32;com vítima;411,5;BR-116/RS;Norte;Saída de Pista;1;0;1;0;0;0;1
21/06/2015;22:50:00;92;com vítima;18;BR-392/RS;Sul;Abalr. Mesmo Sentido;3;7;0;3;0;0;2
23/06/2015;13:53:00;69;com vítima;494,5;BR-116/RS;Norte;Capotamento;1;0;1;0;0;0;1
25/06/2015;08:32:00;26;sem vítima;407,5;BR-116/RS;Norte;Saída de Pista;1;9;0;0;0;0;1
26/06/2015;17:45:00;76;sem vítima;66,5;BR-392/RS;Sul;Colisão Traseira;1;8;0;0;0;0;1
26/06/2015;21:45:00;101;com vítima;120,3;BR-392/RS;Sul;Atropelamento;1;2;0;1;0;0;2
28/06/2015;13:36:00;49;com vítima;448,7;BR-116/RS;Norte;Saída de Pista;1;1;1;0;0;0;1
28/06/2015;07:46:00;23;sem vítima;101,2;BR-392/RS;Norte;Saída de Pista;1;2;0;0;0;0;1
30/06/2015;19:34:00;82;com vítima;514;BR-116/RS;Sul;Colisão Frontal;1;0;1;0;0;0;1
01/07/2015;14:36:00;60;sem vítima;95,8;BR-392/RS;Sul;Colisão Traseira;2;2;0;0;0;0;1
05/07/2015;22:22:00;90;sem vítima;141,3;BR-392/RS;Sul;Colisão Frontal;1;1;0;0;0;0;1
06/07/2015;07:38:00;15;sem vítima;8,5;BR-392/RS;Sul;Abalr. Mesmo Sentido;1;3;0;0;0;0;1
06/07/2015;16:01:00;65;sem vítima;524,4;BR-116/RS;Norte;Tombamento;1;3;0;0;0;0;1
09/07/2015;17:36:00;78;sem vítima;466,4;BR-116/RS;Norte;Saída de Pista;1;3;0;0;0;0;1
09/07/2015;21:35:00;98;com vítima;600,9;BR-116/RS;Sul;Atropelamento de Animal;1;1;0;0;0;1;3
11/07/2015;19:00:00;78;sem vítima;624,3;BR-116/RS;Norte;Atropelamento de Animal;1;3;0;0;0;0;1
13/07/2015;17:03:00;69;sem vítima;555,8;BR-116/RS;Sul;Saída de Pista;1;4;0;0;0;0;1
17/07/2015;14:01:00;71;com vítima;464,8;BR-116/RS;Sul;Abalr. Transversal;2;1;0;0;0;1;3
17/07/2015;18:13:00;88;sem vítima;571,3;BR-116/RS;Sul;Colisão Frontal;1;2;0;0;0;0;1
18/07/2015;05:49:00;17;sem vítima;410,2;BR-116/RS;Sul;Saída de Pista;1;1;0;0;0;0;1
18/07/2015;08:58:00;34;com vítima;7,8;BR-392/RS;Sul;Abalr. Transversal;1;1;0;0;1;0;2
18/07/2015;12:22:00;52;sem vítima;517;BR-116/RS;Norte;Abalr. Transversal;1;2;0;0;0;0;1
19/07/2015;06:16:00;17;sem vítima;471,1;BR-116/RS;Sul;Colisão Traseira;1;2;0;0;0;0;1
20/07/2015;07:34:00;21;sem vítima;1,3;BR-392/RS;Norte;Atropelamento;2;2;0;0;0;0;1
21/07/2015;11:31:00;51;sem vítima;516,9;BR-116/RS;Norte;Abalr. Transversal;1;9;0;0;0;0;1
22/07/2015;08:03:00;34;com vítima;516,8;BR-116/RS;Norte;Abalr. Transversal;2;2;0;0;1;0;2
22/07/2015;13:13:00;67;sem vítima;117,5;BR-392/RS;Sul;Outros tipos de acidente;2;2;0;0;0;0;1
24/07/2015;00:51:00;7;sem vítima;7,8;BR-392/RS;Norte;Outros tipos de acidente;1;1;0;0;0;0;1
25/07/2015;12:13:00;51;sem vítima;568,5;BR-116/RS;Sul;Saída de Pista;1;3;0;0;0;0;1
27/07/2015;15:41:00;63;com vítima;517;BR-116/RS;Norte;Abalr. Transversal;1;1;0;1;0;0;2
01/08/2015;18:10:00;65;sem vítima;632,5;BR-116/RS;Sul;Colisão Traseira;1;1;0;0;0;0;1
02/08/2015;22:26:00;85;com vítima;5,7;BR-392/RS;Sul;Atropelamento;2;1;0;0;0;1;3
02/08/2015;06:35:00;14;sem vítima;107,4;BR-392/RS;Sul;Saída de Pista;2;2;0;0;0;0;1
03/08/2015;02:53:00;10;sem vítima;5,7;BR-392/RS;Sul;Abalr. Mesmo Sentido;1;8;0;0;0;0;1
03/08/2015;03:21:00;11;sem vítima;442,2;BR-116/RS;Sul;Tombamento;1;3;0;0;0;0;1
04/08/2015;14:35:00;55;com vítima;4,8;BR-392/RS;Sul;Abalr. Transversal;1;2;0;1;0;0;2
04/08/2015;07:09:00;16;sem vítima;18,1;BR-392/RS;Sul;Abalr. Transversal;1;4;0;0;0;0;1
08/08/2015;17:16:00;62;sem vítima;17,3;BR-392/RS;Norte;Atropelamento;1;3;0;0;0;0;1
12/08/2015;12:12:00;43;com vítima;482;BR-116/RS;Sul;Tombamento;1;1;1;0;0;0;1
14/08/2015;18:48:00;74;sem vítima;485,5;BR-116/RS;Sul;Atropelamento;1;1;0;0;0;0;1
14/08/2015;05:38:00;15;sem vítima;37,8;BR-392/RS;Sul;Saída de Pista;1;2;0;0;0;0;1
18/08/2015;17:14:00;81;sem vítima;485,9;BR-116/RS;Norte;Colisão Traseira;2;3;0;0;0;0;1
18/08/2015;02:27:00;11;com vítima;654;BR-116/RS;Sul;Colisão com Objeto Fixo;1;1;1;0;0;0;1
22/08/2015;20:07:00;79;com vítima;0,1;BR-392/RS;Norte;Saída de Pista;1;0;0;0;0;1;3
22/08/2015;09:57:00;37;sem vítima;66,4;BR-392/RS;Norte;Abalr. Mesmo Sentido;1;2;0;0;0;0;1
24/08/2015;08:48:00;35;sem vítima;462;BR-116/RS;Norte;Saída de Pista;1;2;0;0;0;0;1
25/08/2015;11:42:00;51;sem vítima;522,9;BR-116/RS;Norte;Abalr. Transversal;2;2;0;0;0;0;1
27/08/2015;18:48:00;79;com vítima;409;BR-116/RS;Norte;Colisão Traseira;1;0;0;1;0;0;2
27/08/2015;13:54:00;55;sem vítima;521,3;BR-116/RS;Sul;Colisão Traseira;1;1;0;0;0;0;1
27/08/2015;13:34:00;53;com vítima;86,6;BR-392/RS;Norte;Colisão Traseira;1;3;0;1;0;0;2
27/08/2015;03:10:00;9;com vítima;574,8;BR-116/RS;Sul;Saída de Pista;1;0;1;0;0;0;1
28/08/2015;13:07:00;62;com vítima;619,5;BR-116/RS;Sul;Saída de Pista;2;1;0;0;1;0;2
31/08/2015;09:56:00;38;com vítima;414,4;BR-116/RS;Sul;Saída de Pista;1;1;0;1;0;0;2
01/09/2015;20:50:00;93;sem vítima;406,9;BR-116/RS;Sul;Atropelamento;2;2;0;0;0;0;1
01/09/2015;02:34:00;10;sem vítima;526,5;BR-116/RS;Sul;Saída de Pista;1;2;0;0;0;0;1
02/09/2015;16:13:00;64;com vítima;521,1;BR-116/RS;Norte;Abalr. Transversal;2;0;0;0;2;0;2
02/09/2015;19:01:00;81;com vítima;540;BR-116/RS;Norte;Atropelamento de Animal;2;1;1;0;0;0;1
02/09/2015;11:29:00;43;sem vítima;567;BR-116/RS;Norte;Colisão com Objeto Fixo;1;1;0;0;0;0;1
03/09/2015;00:45:00;8;sem vítima;21,1;BR-392/RS;Sul;Saída de Pista;1;3;0;0;0;0;1
03/09/2015;20:34:00;91;sem vítima;529,2;BR-116/RS;Norte;Abalr. Transversal;1;1;0;0;0;0;1
05/09/2015;12:20:00;55;sem vítima;487,5;BR-116/RS;Sul;Saída de Pista;1;2;0;0;0;0;1
06/09/2015;19:20:00;70;sem vítima;536,1;BR-116/RS;Norte;Atropelamento de Animal;1;1;0;0;0;0;1
06/09/2015;14:39:00;51;com vítima;160,3;BR-392/RS;Norte;Colisão com Objeto Fixo;1;1;1;0;0;0;1
07/09/2015;06:33:00;19;sem vítima;438,4;BR-116/RS;Norte;Saída de Pista;1;5;0;0;0;0;1
08/09/2015;12:46:00;52;sem vítima;427,5;BR-116/RS;Norte;Abalr. Mesmo Sentido;1;2;0;0;0;0;1
08/09/2015;20:50:00;91;sem vítima;634,8;BR-116/RS;Sul;Colisão Traseira;2;2;0;0;0;0;1
10/09/2015;11:20:00;41;sem vítima;429,2;BR-116/RS;Norte;Abalr. Transversal;1;3;0;0;0;0;1
10/09/2015;04:56:00;8;sem vítima;65,5;BR-392/RS;Sul;Colisão Traseira;2;3;0;0;0;0;1
10/09/2015;16:54:00;72;com vítima;85;BR-392/RS;Sul;Abalr. Sentido Oposto;1;3;1;1;0;0;2
11/09/2015;00:08:00;1;sem vítima;62,5;BR-392/RS;Sul;Colisão com Objeto Fixo;1;1;0;0;0;0;1
12/09/2015;12:35:00;41;com vítima;410,7;BR-116/RS;Sul;Saída de Pista;1;1;1;0;0;0;1
12/09/2015;17:20:00;57;sem vítima;118,6;BR-392/RS;Sul;Abalr. Transversal;1;2;0;0;0;0;1
14/09/2015;21:57:00;95;sem vítima;38;BR-392/RS;Norte;Atropelamento de Animal;2;2;0;0;0;0;1